Azaal Market,200 Leavenworth St,San Francisco,94102
BATTAMBANG MARKET,339 Eddy St,San Francisco,94102
Bel Clift Market,516 Geary St,San Francisco,94102
Big Boy Market,180 Golden Gate Ave,San Francisco,94102
California Grocery,123 Eddy St,San Francisco,94102
CENTRAL TOWERS MARKET,352 Turk St,San Francisco,94102
City Supermarket,667 Geary St,San Francisco,94102
CIVIC CENTER MARKET,1292 Market St,San Francisco,94102
Cool Super Discount Market,199 Eddy St,San Francisco,94102
Daldas Market,200 Eddy St,San Francisco,94102
Downtown Grocery and Liquor,289 Eddy St,San Francisco,94102
El Dorado Market,124 Jones St,San Francisco,94102
EMPIRE MARKET,399 Eddy St,San Francisco,94102
FOX LIQUOR & DELI,570 Larkin St,San Francisco,94102
G & H LIQUOR & GROCERY,201 Jones St,San Francisco,94102
Golden Gate Market,225 Leavenworth St,San Francisco,94102
Green Valley Market,491 Ellis St,San Francisco,94102
GROVE STREET MARKET,500 Grove St,San Francisco,94102
HAYES MARKET,698 Hayes St,San Francisco,94102
Heart of the City Farmers Market,1182 Market St,San Francisco,94102
Hyde & Turk Market,161 Hyde St,San Francisco,94102
MARYLAND MARKET,300 Turk St,San Francisco,94102
Mason Deli & Market,39 Mason St,San Francisco,94102
MC ALLISTER LIQUOR AND GROCERY,136 McAllister St,San Francisco,94102
Metro Market,236 Leavenworth St,San Francisco,94102
NICK'S SUPER MARKET,144 PAGE STREET,SAN FRANCISCO,94102
Oak Hill Market,497 Oak St,San Francisco,94102
O'FARRELL LIQUORS,405 Ofarrell St,San Francisco,94102
Paradise Coffee & Donuts,453 Ofarrell St,San Francisco,94102
PITCO MARKET,488 Ellis St,San Francisco,94102
Radman's Produce Market,201 Turk St Ste D,San Francisco,94102
RIGHT WAY MARKET,596 Ofarrell St,San Francisco,94102
S & W MARKET,399 Haight St,San Francisco,94102
SALAMA HALAL MEAT,604 Geary St,San Francisco,94102
SF Princess Market,112 Hyde St,San Francisco,94102
STAR LIGHT MARKET,402 Ellis St,San Francisco,94102
SUPER 7 FOODS,691 McAllister St,San Francisco,94102
SUPERETTE MARKET,128 Eddy St,San Francisco,94102
T L Tobacco & Market,301 Turk St,San Francisco,94102
TENDERLOIN GROCERY,62 Turk St,San Francisco,94102
Tip Top Market,84-90 Turk St,San Francisco,94102
Victoria Liquor and Groceries,201 Gough St,San Francisco,94102
WALGREENS #2153,790 Van Ness Ave,San Francisco,94102
WALGREENS #4680,730 Market St,San Francisco,94102
WALGREENS 04558,300 Gough St,San Francisco,94102
WALGREENS 07043,459 Powell St,San Francisco,94102
WALGREENS 1283,500 Geary St,San Francisco,94102
Walgreens 13668,1496 Market St,San Francisco,94102
Walgreens 13669,776 Market St,San Francisco,94102
WALGREENS 890,135 Powell St,San Francisco,94102
YOUNG ELLIS PRODUCE,398 Ellis St,San Francisco,94102
7-eleven 33434A,711 Market St,San Francisco,94103
ALL DAY CAFE,1105 Market St,San Francisco,94103
ASAD MARKET,229 9th St,San Francisco,94103
Bristol Farms 0017,845 Market St,San Francisco,94103
CASA THAI MARKET,3020 16th St,San Francisco,94103
City Produce,174 6th St,San Francisco,94103
Costco Wholesale 0144,450 10th St,San Francisco,94103
CVS Pharmacy 2852,731 Market St,San Francisco,94103
DIANA MKT 2,282 9th St,San Francisco,94103
E & M MARKET,399 Valencia St,San Francisco,94103
Empire Liquor & Grocery,1859 Market St,San Francisco,94103
FIDA MARKET,1939 Mission St,San Francisco,94103
Foods Co 357,1800 Folsom St,San Francisco,94103
FRED'S LIQUOR & DELI,200 Valencia St,San Francisco,94103
FREDS LIQUOR & GROCERY,151 6th St,San Francisco,94103
GO GO MARKET & DELI,99 9th St,San Francisco,94103
HARVEST URBAN MARKET,191 8th St,San Francisco,94103
HWA LEI MARKET,2970A 16th St,San Francisco,94103
Island Earth Farmers Market,101 4th St,San Francisco,94103
La Loma Produce 14,3052 16th St,San Francisco,94103
Mi Tierra Supermarket,1000 Howard St,San Francisco,94103
NEW STAR MARKET,269 14th St,San Francisco,94103
Nicks Food,1659 Market St,San Francisco,94103
Nilare Dollar Only,3030 16th St,San Francisco,94103
Noble Grocery Inc,156 8th St,San Francisco,94103
"RAINBOW GROCERY, INC",1745 Folsom St,San Francisco,94103
RANDAS MARKET,3131 16th St,San Francisco,94103
RITE BY GROCERY,22 6th St,San Francisco,94103
SAFEWAY 1490,2300 16TH ST.,SAN FRANCISCO,94103
Singh Grocery Store,514 Minna St,San Francisco,94103
SONOMA LIQUORS CO,65 6th St,San Francisco,94103
Spotlite Market,298 Guerrero St,San Francisco,94103
T AND M MARKET,300 Valencia St,San Francisco,94103
TRADER JOE'S 78,555 9TH STREET,SAN FRANCISCO,94103
TRAVELER'S LIQUOR,22 7th St,San Francisco,94103
UNIMART,1201 HOWARD ST,SAN FRANCISCO,94103
Urban Table Farmers' Markets,Mason St/Mint Plaza,San Francisco,94103
Val 16 Market,3100 16th St,San Francisco,94103
VAL MAR MARKET,16 Valencia St,San Francisco,94103
WALGREEN CO 3185,825 Market St,San Francisco,94103
WALGREENS 1126,1979 Mission St,San Francisco,94103
WALGREEN'S 4609,1301 Market St,San Francisco,94103
YERBA BUENA MARKET,201 6th St,San Francisco,94103
WALGREENS 02521,300 MONTGOMERY ST,SAN FRANCISCO,94104
WALGREENS 05618,100 Sansome St,San Francisco,94104
WALGREENS 04275,456 Mission St,San Francisco,94105
WALGREENS 06291,116 NEW MONTGOMERY ST,SAN FRANCISCO,94105
WALGREENS 07044,88 Spear St,San Francisco,94105
Harveys Place,330 5th St,San Francisco,94107
KANSAS FOOD MARKET,2250 23rd St,San Francisco,94107
M & W MARKET,1800 23rd St,San Francisco,94107
NEILLS GROCERY,521 3rd St,San Francisco,94107
POTRERO TERRACE MARKET,990 Wisconsin St,San Francisco,94107
RENO'S LIQUOR,728 22nd St,San Francisco,94107
SAFEWAY 2606,298 King St,San Francisco,94107
THE GOOD LIFE GROCERY,1524 20th St,San Francisco,94107
WALGREENS 01297,670 4th St,San Francisco,94107
Whole Foods Market,450 Rhode Island St,San Francisco,94107
WHOLE FOODS MARKET 20,399 4th St,San Francisco,94107
7-Eleven 33437T,217 Sutter St,San Francisco,94108
D & D Market,881 Clay St,San Francisco,94108
GOLDEN WAY TRADING COMPANY,1024 Stockton St,San Francisco,94108
LONG HUA'S GROCERY STORE,906 Stockton St,San Francisco,94108
Nissan Produce Market. Inc,1055 Stockton St,San Francisco,94108
Noodle City,1165 Powell St,San Francisco,94108
Rainbow House LLC,1014 Stockton St,San Francisco,94108
WALGREENS 03383,141 Kearny St,San Francisco,94108
WANG CHUNG CO.,838 Washington St,San Francisco,94108
Wing Lung Company,895 Washington St,San Francisco,94108
WING SCENE FOOD INC,898 Stockton St,San Francisco,94108
YUE FUNG GROCERY,1037 Stockton St,San Francisco,94108
AMIGO MARKET,500 Ellis St,San Francisco,94109
BIG APPLE DISCOUNT CENTER,1650 Polk St,San Francisco,94109
BREAD & BUTTER MARKET,888 O'FARRELL STREET,SAN FRANCISCO,94109
Cadillac Grocery,499 Eddy St,San Francisco,94109
CALA FOODS 907,1095 Hyde St,San Francisco,94109
California Produce,990 Polk St,San Francisco,94109
CVS 7955,2025 Van Ness Ave,San Francisco,94109
DEENA'S MARKET,600 Ofarrell St,San Francisco,94109
DeLano IGA Market 12,1245 Van Ness Ave,San Francisco,94109
DISCOUNT GROCERS,1203 Polk St,San Francisco,94109
FOOD & LIQUOR WORLD,728 Post St,San Francisco,94109
GEARY & HYDE MARKET,798 Geary St,San Francisco,94109
GLADSTONE MARKET,678 Eddy St,San Francisco,94109
HYDE & O'FARRELL MARKET,701 Ofarrell St,San Francisco,94109
J&D GROCERIES & LIQUORS,1042 Polk St,San Francisco,94109
Jerusalem Market,1100 Sutter St,San Francisco,94109
K & S Produce Market,905 Larkin St,San Francisco,94109
Kings Liquor & Deli,693 Post St,San Francisco,94109
Market Mayflower & Deli,985 Bush St,San Francisco,94109
Mid City Market,868 Geary St,San Francisco,94109
NEW INDIA BAZAR,1107 Polk St,San Francisco,94109
New Princess Market,500 Eddy St,San Francisco,94109
Polk St Produce Market,1334 Polk St,San Francisco,94109
ROUND THE CLOCK,1001 Bush St,San Francisco,94109
SALEM GROCERY,920 Geary St,San Francisco,94109
Serve Well Market Inc,595 Ellis St,San Francisco,94109
SIMONE MINI MARKET,708 Polk St,San Francisco,94109
SUPER ONE T0BACCO & GROCERIES CT,1185 Sutter St,San Francisco,94109
SUTTER FINE FOODS,988 Sutter St,San Francisco,94109
T & L FOOD MARKET,405 Eddy St,San Francisco,94109
T & MW MARKET,785 Ofarrell St,San Francisco,94109
TOWN & COUNTRY MARKET,600 Post St,San Francisco,94109
U N  MARKET,900 Post St,San Francisco,94109
USA MARKET,904 Eddy St,San Francisco,94109
Van Ness  Market,920 Van Ness Ave,San Francisco,94109
VPSF POLK - REAL FOODS,2140 Polk St,San Francisco,94109
WALGREENS 00887,1524 Polk St,San Francisco,94109
WALGREENS 03358,1301 Franklin St,San Francisco,94109
WALGREENS 05599,2120 Polk St,San Francisco,94109
Walgreens 13666,1300 Bush St,San Francisco,94109
WHOLE FOODS MARKET,1765 California St,San Francisco,94109
Woerners Liquors,901 Geary St,San Francisco,94109
49ERS LIQUORS & GROCERIES,3701 Mission St,San Francisco,94110
ABC MARKET,2801 Bryant St,San Francisco,94110
ALEMANY FARMERS MARKET,100 Alemany Blvd,San Francisco,94110
All Seasons Market,401 Capp St,San Francisco,94110
BABY NUTRITIONAL CARE 1,2631 23rd St,San Francisco,94110
Basa Seafood Express,3064 24th St,San Francisco,94110
BELMAR MEAT MARKET,2989 24th St,San Francisco,94110
Best and Fresh Food #2,2949 Mission St,San Francisco,94110
BI-RITE,3639 18th St,San Francisco,94110
Casa Guadalupe #1,2598 Folsom St,San Francisco,94110
CASA GUADALUPE #2 SUPERMAKET,2909 Mission St,San Francisco,94110
Casa Guadalupe #3,2999 Mission St,San Francisco,94110
CASA LUCAS MARKET,2934 24th St,San Francisco,94110
CITY DISCOUNT MEAT & GROCERY MKT,2298 Mission St,San Francisco,94110
DECAMERE SUPERMARKET,1001 Valencia St,San Francisco,94110
Discount Center,1200 Valencia St,San Francisco,94110
Discount City,2784 Mission St,San Francisco,94110
Duc Loi Supermarket,2200 Mission St,San Francisco,94110
EL AHORRO,3456 Mission St,San Francisco,94110
EL CHICO PRODUCE MARKET #4,2965 24th St,San Francisco,94110
EL Porvenir,2950 21st St,San Francisco,94110
EVERGREEN SUPMKT,2539 Mission St,San Francisco,94110
FRESH MEAT MARKET,2704 Mission St,San Francisco,94110
G & M Liquors,3100 24th St,San Francisco,94110
GEORGES MARKET,2268 Mission St,San Francisco,94110
Golden Gate Market & Deli,2899 Mission St,San Francisco,94110
GOOD LIFE GROCERY,448 Cortland Ave,San Francisco,94110
Inti Market & Deli,3282 Mission St,San Francisco,94110
J.C. SUPER,820 Cortland Ave,San Francisco,94110
K & B Market,2887 Bryant St,San Francisco,94110
KING'S BAKERY,2846 Mission St,San Francisco,94110
LA LOMA #8,2840 Mission St,San Francisco,94110
La Loma Produce,3835 Mission St,San Francisco,94110
La Mission Market,2097 Mission St,San Francisco,94110
La Morena Latino Americana,3391 Mission St,San Francisco,94110
LA PALMA MEXICATESSEN INC,2884 24th St,San Francisco,94110
LATINOS MARKET,2681 21st St,San Francisco,94110
LO-COST MEAT MARKET 2,2918 24th St,San Francisco,94110
LUCKY PORK MARKET,2659 Mission St,San Francisco,94110
"MI PUEBLITO MARKET, LLC 1",2765 Mission St,San Francisco,94110
Mi Ranchito Produce,2169 Mission St,San Francisco,94110
Mi Tierra Market,2023 Mission St,San Francisco,94110
Ming's Grocery,2601 Folsom St,San Francisco,94110
Mission Community Market,85 Bartlett Street,San Francisco,94110
MISSION MARKET FISH & POULTRY,2590 MISSION STREET,SAN FRANCISCO,94110
MISSION MEAT MARKET,2590 MISSION ST,SAN FRANCISCO,94110
N & V LIQUOR GROCERY,2702 24th St,San Francisco,94110
NEW CASA MARIA,1201 S Van Ness Ave,San Francisco,94110
NEW COLLEGE HILL MARKET,3798 Mission St,San Francisco,94110
NEW HAMPSHIRE MARKET,2701 20th St,San Francisco,94110
Nutrition & Kids,2704 24th St,San Francisco,94110
OROWEAT/ENTENMANN'S 1422,1798 Bryant St,San Francisco,94110
POTRERO MARKET,1298 Potrero Ave,San Francisco,94110
pott farms,100 Alemany Blvd,San Francisco,94110
R Image Market,2896 Folsom St # 98,San Francisco,94110
RHEA'S LIQUOR & DELI,800 Valencia St,San Francisco,94110
ROSE DELI & GROCERY,1000 Potrero Ave,San Francisco,94110
Rubins Market,2997 Folsom St,San Francisco,94110
SAFEWAY 739,3350 Mission St,San Francisco,94110
Samiramis Market,2990 Mission St,San Francisco,94110
SAM'S MARKET,580 Precita Ave,San Francisco,94110
SAMYS MARKET,2847 24th St,San Francisco,94110
Serve U Market,2750 21st St,San Francisco,94110
stop and shop market,3000 Mission St,San Francisco,94110
SUN FAT SEAFOOD,2687 Mission St,San Francisco,94110
TONYS MARKET,2751 24th St,San Francisco,94110
Tropicana Market,2592 Mission St,San Francisco,94110
TWENTY-THIRD & MISSION PRODUCE,2700 Mission St,San Francisco,94110
VALENCIA WHOLEFOODS,999 Valencia St,San Francisco,94110
W & K MARKET,3098 24th St,San Francisco,94110
WALGREENS #04231,2690 Mission St,San Francisco,94110
WALGREENS 03711,1189 Potrero Ave,San Francisco,94110
Walgreens 09886,3400 Cesar Chavez,San Francisco,94110
WALGREENS 1054,3398 Mission St,San Francisco,94110
YANGTZE MARKET,2026 Mission St,San Francisco,94110
FERRY PLAZA FARMERS MARKET-CUESA,1 Ferry Building,San Francisco,94111
SAFEWAY 4601,145 Jackson St,San Francisco,94111
WALGREENS 03624,275 SACRAMENTO ST,SAN FRANCISCO,94111
WALGREENS 04492,33 Drumm St,San Francisco,94111
A & M Low Price Market,4598 Mission St,San Francisco,94112
A & N LIQUORS,1521 Ocean Ave,San Francisco,94112
Amels Market,200 Ocean Ave,San Francisco,94112
BROTHER'S MARKET,5501 Mission St,San Francisco,94112
CASA LUCAZ 3,4555 Mission St,San Francisco,94112
CHUCK'S MARKET INC.,5137 Mission St,San Francisco,94112
COOL GUYS,845 Holloway Ave,San Francisco,94112
Cordova Market,301 Rolph St,San Francisco,94112
EL CHICO PRODUCE MARKET #2,4600 Mission St,San Francisco,94112
El Porvenir 3,1400 Ocean Ave,San Francisco,94112
EXCELSIOR LIQUOR,4501 Mission St,San Francisco,94112
FAMILY MARKET,198 Broad St,San Francisco,94112
FRUIT BARN,1616 Ocean Ave,San Francisco,94112
GM Fish & Meat Market,958 Geneva Ave,San Francisco,94112
GM PRODUCE MARKET,960 Geneva Ave,San Francisco,94112
GOLDEN STATE MARKET,298 Munich St,San Francisco,94112
"GUZMAN'S PRODUCE MARKET, INC.",5229 Mission St,San Francisco,94112
Jia Li Market,4992 Mission St,San Francisco,94112
La Familia Market,5128 Mission St,San Francisco,94112
LA LOMA 3,5652 Mission St,San Francisco,94112
LA LOMA PRODUCE 6,4788 Mission St,San Francisco,94112
MANILA ORIENTAL MARKET,4175 Mission St,San Francisco,94112
Mi Tierrita Market,4791 Mission St,San Francisco,94112
Mission Martco 356457,5098 Mission St,San Francisco,94112
MISSION-SILVER MARKET,4304 Mission St,San Francisco,94112
Naples Liquors,302 Rolph St,San Francisco,94112
New Bosworth Market,145 Bosworth St,San Francisco,94112
Nicks Food,1015 Ocean Ave,San Francisco,94112
PACIFIC SUPERMARKET,2900 Alemany Blvd,San Francisco,94112
Quality Gas For Your Cash Arco AM,5898 Mission St,San Francisco,94112
R.C. PACKAGE HOUSE,98 Broad St,San Francisco,94112
Red Sea Market,1801 San Jose Ave,San Francisco,94112
ROXIE FOOD CENTER,1901 San Jose Ave,San Francisco,94112
SAFEWAY 964,4950 Mission St,San Francisco,94112
SAM'S MARKET,2598 San Jose Ave,San Francisco,94112
San Francisco Farmers Market,4929 Mission St,San Francisco,94112
SNACK AND BOTTLE SHOP,644 Persia Ave,San Francisco,94112
Sorrento Italian Deli,4763 Mission St,San Francisco,94112
SUPER LOW MARKET,4515 Mission St,San Francisco,94112
Tienda Santa Marta,1201 Geneva Ave,San Francisco,94112
United Liquor Market,5298 Mission St,San Francisco,94112
US Market,499 Silver Ave,San Francisco,94112
WALGREENS 01120,4645 Mission St,San Francisco,94112
WALGREENS 07150,965 Geneva Ave,San Francisco,94112
WALGREENS 1393,1630 Ocean Ave,San Francisco,94112
Winson Super Market,1532 Ocean Ave,San Francisco,94112
WOODY'S LIQUOR & GROC,5799 Mission St,San Francisco,94112
YANGTZE MARKET 2,4599 Mission St,San Francisco,94112
YICKS LIQUOR,4701 Mission St,San Francisco,94112
17TH AND NOE MARKET,3900 17th St,San Francisco,94114
Buffalo Whole Food & Grain Co,598 Castro St,San Francisco,94114
CHURCH STREET MARKET,301A Church St,San Francisco,94114
DeLano IGA Market 2,4201 18th St,San Francisco,94114
GOLDEN PRODUCE,172 Church St,San Francisco,94114
KD's Grog & Groceries,2416 Market St,San Francisco,94114
Noe Valley Farmers' Market,3861 24th St,San Francisco,94114
ROSSI'S ITALIAN DELICATESSEN,426 Castro St,San Francisco,94114
SAFEWAY 1507,2020 Market St,San Francisco,94114
WALGREENS 01327,498 Castro St,San Francisco,94114
WALGREENS 04529,2145 Market St,San Francisco,94114
WALGREENS 2088,1333 Castro St,San Francisco,94114
Whole Foods Market 10379,3950 24th St,San Francisco,94114
CHARLIES DRUGS,1101 Fillmore St,San Francisco,94115
Convenience Deli & Grocery,1201 Laguna St,San Francisco,94115
GRAND CENTRAL MARKET,2435 California St,San Francisco,94115
ROYAL MARKET,1401 Baker St,San Francisco,94115
SAFEWAY 995,1335 WEBSTER STREET,SAN FRANCISCO,94115
STEWART'S MARKET,2498 Sutter St,San Francisco,94115
THIRD WORLD MARKET,1200 Fillmore St,San Francisco,94115
WALGREENS 02866,1363 Divisadero St,San Francisco,94115
WALGREENS 2152,1899 Fillmore St,San Francisco,94115
7-Eleven 20473B,2222 Taraval St,San Francisco,94116
AMITY MARKET,3350 Taraval St,San Francisco,94116
PARKSIDE FARMERS MARKET,555 Taraval St,San Francisco,94116
SAFEWAY 909,730 Taraval St,San Francisco,94116
SUNSET SUPER,2801 Vicente St,San Francisco,94116
WALGREENS #04570,3001 Taraval St,San Francisco,94116
WALGREENS 1241,1201 Taraval St,San Francisco,94116
AA MARKET,667 Broderick St,San Francisco,94117
CENTRAL HAIGHT MARKET,1301 Haight St,San Francisco,94117
CHEERS,867 Fillmore St,San Francisco,94117
Cindys Market,2084 Hayes St,San Francisco,94117
COUNTRY CHEESE CO,415 Divisadero St,San Francisco,94117
DIVISADERO FARMERS MARKET,550 Divisadero St,San Francisco,94117
DIVISADERO MEAT MARKET,600 Divisadero St,San Francisco,94117
FALLETTI FOODS,308 Broderick St,San Francisco,94117
GREEN EARTH,860 Divisadero St,San Francisco,94117
H & W GROCERY & LIQUORS,801 Hayes St,San Francisco,94117
HAIGHT & FILLMORE WHOLE FOODS,503 Haight St,San Francisco,94117
HAIGHT STREET MARKET INC,1530 Haight St,San Francisco,94117
HOME SERVICE MARKET,1700 Hayes St,San Francisco,94117
KJ PRODUCE MARKET,301 Divisadero St,San Francisco,94117
Low-Cost Meat Market 3,498 Haight St,San Francisco,94117
Lucky 756,1750 Fulton St,San Francisco,94117
NEW LITE MARKET,1416 Haight St,San Francisco,94117
New Santa Clara Market,799 Haight St,San Francisco,94117
OAK FAIR MARKET,999 Oak St,San Francisco,94117
O'LOONEY'S MARKET,588 Haight St,San Francisco,94117
SUPERETTE MARKET,901 Haight St,San Francisco,94117
THE REAL FOOD COMPANY,1023 Stanyan St,San Francisco,94117
TRANSFER MARKET,861 Divisadero St,San Francisco,94117
Walgreens 06557,199 Parnassus Ave,San Francisco,94117
WALGREENS 1307,499 Haight St,San Francisco,94117
Whole Foods Market 10362,690 Stanyan St,San Francisco,94117
4TH & GEARY FARMERS MARKET,3953 Geary Blvd,San Francisco,94118
7-Eleven 22627,5100 Geary Blvd,San Francisco,94118
ARGUELLO SUPER MARKET,782 Arguello Blvd,San Francisco,94118
BEST AND FRESH FOOD,538 Clement St,San Francisco,94118
CHEUNG HING CHINESE DELI & MEAT,323 Clement St,San Francisco,94118
Denhards Market,701 10th Ave,San Francisco,94118
GOLDEN GATE CENTRAL MARKET,2101 Golden Gate Ave,San Francisco,94118
"NEW LIEN HING, LLC",400 Clement St,San Francisco,94118
RICHMOND NEW MAY WAH SUPERMARKET,707 Clement St # 719,San Francisco,94118
Russian Deli Inc.,4605 Geary Blvd,San Francisco,94118
Safeway 2646,735 7th Ave,San Francisco,94118
SMART & FINAL 351,350 7th Ave,San Francisco,94118
T & L MARKET,339 Clement St,San Francisco,94118
"The Best and Fresh Food, Inc.",538 Clement St,San Francisco,94118
Third Avenue Food Mart,4101 California St,San Francisco,94118
TRADER JOE'S 100,3 Masonic Ave,San Francisco,94118
Walgreens 00896,3601 California St,San Francisco,94118
Walgreens 13667,5280 Geary Blvd,San Francisco,94118
WALGREENS 3849,745 Clement St,San Francisco,94118
"WING HING SEAFOOD MARKET, INC.",633 Clement St,San Francisco,94118
25th & Clement Produce Market 1,2354 Clement St,San Francisco,94121
BALBOA PRODUCE,3635 Balboa St,San Francisco,94121
DELANO IGA MARKET 1,6333 Geary Blvd,San Francisco,94121
EL GRANDE PRODUCE MARKET 1,2214 Clement St,San Francisco,94121
EUROPA EXPRESS,750 La Playa St,San Francisco,94121
EUROPA PLUS,5350 Geary Blvd,San Francisco,94121
EUROPEAN FOOD,3038 Clement St,San Francisco,94121
evergreen market ll,5601 Geary Blvd,San Francisco,94121
GASTRONOM,5801 Geary Blvd,San Francisco,94121
ISRAELS KOSHER MEAT MARKET,5621 Geary Blvd,San Francisco,94121
Liberty Market Inc,5851 Geary Blvd,San Francisco,94121
MOSCOW & TBILISI BAKERY STORE,5540 Geary Blvd,San Francisco,94121
NEW WING HING SEAFOOD MARKET,2222 Clement St,San Francisco,94121
NEW WORLD MARKET,5641 Geary Blvd,San Francisco,94121
Richmond Produce Market,5527 Geary Blvd,San Francisco,94121
Royal Market and Bakery,5335 Geary Blvd,San Francisco,94121
SAFEWAY 785,850 La Playa St,San Francisco,94121
THOM'S NATURAL FOODS,5843 Geary Blvd,San Francisco,94121
WALGREENS 3475,25 Point Lobos Ave,San Francisco,94121
22ND & IRVING PRODUCE 9,2101 Irving St,San Francisco,94122
7-Eleven 20450B,1388 46th Ave,San Francisco,94122
828 IRVING MARKET,828 Irving St,San Francisco,94122
A-1 LIQUOR GROCERY & DELI,4055 Irving St,San Francisco,94122
ANDRONICO'S MARKET #3,1200 IRVING ST,SAN FRANCISCO,94122
BROTHERS MINI MARKET,3845 Noriega St,San Francisco,94122
CHARLIES MARKET,3960 Irving St,San Francisco,94122
D & A Supermarket,2201 Irving St,San Francisco,94122
EASY MONEY,2312 Irving St,San Francisco,94122
Eddys Food Market,951 Irving St,San Francisco,94122
EL GRANDE PRODUCE MARKET 2,1735 Noriega St,San Francisco,94122
EUROPA EXPRESS,1342 Irving St,San Francisco,94122
JL Foods,2551 Noriega St,San Francisco,94122
Lien Fat,1931 Irving St,San Francisco,94122
Man Hing Market,1368 9th Ave,San Francisco,94122
Noriega Market,2444 Noriega St,San Francisco,94122
OTHER AVENUES COMMUNITY FD STORE,3930 Judah St,San Francisco,94122
PARKS FARMERS MARKET,400 Irving St,San Francisco,94122
PARKS FARMERS MARKET #2,840 Irving St,San Francisco,94122
ROXIE  MARKET & DELICATESSEN,500 Kirkham St,San Francisco,94122
ROYAL FOOD STORE,401-A JUDAH,SAN FRANCISCO,94122
SAFEWAY 985,2350 Noriega St,San Francisco,94122
San Francisco Natural Grocery,403 Irving St,San Francisco,94122
Sunset Super,2425 Irving St,San Francisco,94122
Walgreens 02705,2050 Irving St,San Francisco,94122
WALGREENS 03869,1750 Noriega St,San Francisco,94122
MARINA SUPER,2323 Chestnut St,San Francisco,94123
SAFEWAY 1711,15 Marina Blvd,San Francisco,94123
VPSF - FILMORE,3060 Fillmore St,San Francisco,94123
WALGREENS 01403,3201 Divisadero St,San Francisco,94123
Walgreens 06625,2141 Chestnut St,San Francisco,94123
A.M.S. MARKET,500 Bay Shore Blvd,San Francisco,94124
ANGUS MEAT OUTLET,3450 3rd St,San Francisco,94124
BAY VIEW LIQUOR,4700 3rd St,San Francisco,94124
Bayshore Farmer's Market,300 Bay Shore Blvd,San Francisco,94124
Dollar Store & More,4900 3rd St,San Francisco,94124
Double Rock Grocery,2830 Ingalls St,San Francisco,94124
El Aguila de Oro,5201 3rd St,San Francisco,94124
FOODS CO 351,345 Williams Ave,San Francisco,94124
FRIENDLY LIQUOR,1499 Thomas Ave,San Francisco,94124
JERUSALEM MARKET,1300 Fitzgerald Ave,San Francisco,94124
JR Seafood LLC,310 Bay Shore Blvd,San Francisco,94124
KENNEDY'S MARKET AND DELI,4600 3rd St,San Francisco,94124
Lee's Food Market,1397 Revere Ave,San Francisco,94124
Mikes Market,2200 Silver Ave,San Francisco,94124
Saabis Discount Groceries,4921 3rd St,San Francisco,94124
SAV MOR MART,4500 3rd St,San Francisco,94124
SMART & FINAL 438,355 Bay Shore Blvd,San Francisco,94124
STAR MARKET AND LIQUOR,4400 3rd St,San Francisco,94124
SUPER SAVE MARKET,4517 3rd St,San Francisco,94124
SURFSIDE LIQUOR & GROCERY,950 Innes Ave,San Francisco,94124
TORINO GROCERY MARKET,4830 3rd St,San Francisco,94124
Upper Crust Deli 1,5100 3rd St,San Francisco,94124
WALGREEN 5487,5300 3rd St,San Francisco,94124
WALGREENS CO 2244,3801 3rd St,San Francisco,94124
MOLLIE STONE'S Tower Market,635 Portola Dr,San Francisco,94127
SAFEWAY 759,625 Monterey Blvd,San Francisco,94127
Walgreens 04180,685 Portola Dr,San Francisco,94127
Walgreens 13670,200 W Portal Ave,San Francisco,94127
Island Market Deli,2 Ave of Palms Blvd,San Francisco,94130
TREASURE ISLAND MINI MART & DELI,BLDG 363 9TH ST AVE C,SAN FRANCISCO,94130
CANYON MARKET,2815 Diamond St,San Francisco,94131
Chenery Market,100 Chenery St,San Francisco,94131
SAFEWAY 667,5290 Diamond Heights Blvd,San Francisco,94131
Walgreens 01109,5260 Diamond Heights Blvd,San Francisco,94131
Brotherhood Market,301 Randolph St,San Francisco,94132
FAIRVIEW MARKET INC,295 Orizaba Ave,San Francisco,94132
Lucky 755,1515 Sloat Blvd,San Francisco,94132
NORMAN'S LIQUOR,733 Randolph St,San Francisco,94132
Ocean View Supermarket LLC,3995 Alemany Blvd,San Francisco,94132
PARK PLAZA FINE FOODS,111 Cambon Dr,San Francisco,94132
Trader Joes 236,265 Winston Dr,San Francisco,94132
Walgreens 02005,2550 Ocean Ave,San Francisco,94132
Walgreens 13671,3931 Alemany Blvd,San Francisco,94132
7-Eleven 33006B,2650 Mason St,San Francisco,94133
ABC SUPERMARKET INC,641 Broadway,San Francisco,94133
BEST FOOD #1,1262 Stockton St,San Francisco,94133
Chang Hong Meat Market,1335 Powell St,San Francisco,94133
CHINA DRAGON TRADING INC,714 Jackson St,San Francisco,94133
CHUNG HING PRODUCE COMPANY,1300 Powell St,San Francisco,94133
CITY SUPER LLC,1108 Stockton St,San Francisco,94133
Duk Hing,1151 Stockton St,San Francisco,94133
Fong Seng Co,1024 Grant Ave,San Francisco,94133
GUM SING MARKET INC.,774 Pacific Ave,San Francisco,94133
Gum Sun Market,844 Jackson St,San Francisco,94133
HANG SENG MEAT MARKET,834 Jackson St,San Francisco,94133
HING LUNG COMPANY,1261 Stockton St,San Francisco,94133
Ivy's Food Company 2,1216 Stockton St,San Francisco,94133
JAMIE SUPERMARKET,1135 STOCKTON STREET,SAN FRANCISCO,94133
JJCK Trading Company Inc,638 Broadway,San Francisco,94133
Kin Fai Produce,628 Pacific Ave,San Francisco,94133
KIN SUN MARKET INC.,1118 Stockton St,San Francisco,94133
Kum Luen,1265 Stockton St,San Francisco,94133
Lees Market,1401 Stockton St,San Francisco,94133
Liang's Food,1145 Stockton St,San Francisco,94133
LITTLE PARADISE TOO LLC,1101 Stockton St,San Francisco,94133
Long Hua Grocery Store,754 Pacific Ave,San Francisco,94133
LUEN FAT MARKET,1135 Stockton St,San Francisco,94133
Mei Sheng Market,1101 Grant Ave,San Francisco,94133
MING LEE TRADING,759 Jackson St,San Francisco,94133
"NEW FRUIT CITY, LLC",1210 Stockton St,San Francisco,94133
NEW J C MARKET,830 Jackson St,San Francisco,94133
New Louies Inc,1213 Stockton St,San Francisco,94133
New Luen Sing Fish Market,1207 Stockton St,San Francisco,94133
New United Supermarket,1117 Stockton St,San Francisco,94133
"NORTHERN HERBS, INC.",1418 Stockton St,San Francisco,94133
SAFEWAY 1206,350 BAY STREET,SAN FRANCISCO,94133
SEASONAL FRUIT SPECIAL,768 Jackson St,San Francisco,94133
SHENG HING MARKET INC,1107 Stockton St,San Francisco,94133
Shunfar Produce,1215 Stockton St,San Francisco,94133
SUN SANG MARKET,1205 Stockton St,San Francisco,94133
TRADER JOE'S 19,401 Bay St,San Francisco,94133
WAH HING MARKET,1200 Stockton St,San Francisco,94133
WALGREENS #0893,1344 Stockton St,San Francisco,94133
WALGREENS 02125,320 Bay St,San Francisco,94133
WALGREENS 05815,2801 JONES ST,SAN FRANCISCO,94133
7-Eleven 21389,2200 Bay Shore Blvd,San Francisco,94134
BABY NUTRITIONAL CARE 3,2424 San Bruno Ave,San Francisco,94134
BUS STOP LIQUOR & DELI,2698 San Bruno Ave,San Francisco,94134
CASA LOPEZ PRODUCE,58 Leland Ave,San Francisco,94134
Foothill Market,3004 San Bruno Ave,San Francisco,94134
Hillcrest  Market,790 Silver Ave,San Francisco,94134
J & S Produce Inc,2542 San Bruno Ave,San Francisco,94134
J&C MARKET,2544 San Bruno Ave,San Francisco,94134
JAMIL'S MARKET,153 Bacon St,San Francisco,94134
LA LOMA #10,2456 San Bruno Ave,San Francisco,94134
LA LOMA PRODUCE #2,65 Leland Ave,San Francisco,94134
LA LOMA PRODUCE 7,2695 San Bruno Ave,San Francisco,94134
M & M SHORT STOP,2145A Geneva Ave,San Francisco,94134
Naser Mini Mart,2400 San Bruno Ave,San Francisco,94134
SAN BRUNO SUPERMARKET,2480 San Bruno Ave,San Francisco,94134
SHUN LEE MARKET,2400 Bay Shore Blvd,San Francisco,94134
TEDDY'S GROCERY,298 Teddy Ave,San Francisco,94134
Walgreens 01626,2494 San Bruno Ave,San Francisco,94134
WHITE PALACE LIQUORS & DELI,1524 Silver Ave,San Francisco,94134